Model,MAE,WAPE
Baseline (Seasonal Naive),91.66820044691856,9.803788655533955
ML Model (Ridge),38.65444458246809,4.035402832062511
